<?xml version='1.0' encoding='UTF-8'?>
<MapConfiguration>
	<StyleDefinition>
		<Style name='gws_index_style'>
			<Text font='Dialog' style='0' minSize='12' maxSize='12'
				color='255,255,0,255' haloColor='' haloSize='0.0' xoffset='0'
				yoffset='0' align='CENTER' />
			<Line type='ONE_LINE_SOLID' width='0.5' arrow='false' color='219,214,205,255' />
			<Fill pattern='' color='243,241,233,0' opacity='1.0' />
		</Style>
	</StyleDefinition>
	<MapDefinition>
		<FullExtent minx='147485.297710583' miny='484752.480838319'
			maxx='183043.892798093' maxy='518030.522363038' />
		<InitExtent minx='166458.25877212' miny='508046.35653795'
			maxx='166623.35868296' maxy='508198.40367807' />
		<Scale min='500' max='14000000' />
		<ThreadPool value='10' />
		<DrawWithAutoRefresh value='true' />
		<LabelCollisionLevel value='LAYER' />
		<Connectors>
			<BrokerConnector name='geomex'
				url='http://127.0.0.1/GEOMEX' node='yys' />
		</Connectors>
		<MapCrs epsg='5176'>
            <MapEllipsoid a='6377397.155' f='299.1528128' name='BESSEL'/>
            <MapBase lat='38.0' lon='129.0028902777778' name='BESSEL'
                sf='1.0' xn='500000.0' ye='200000.0'/>
        </MapCrs>
	</MapDefinition>
	<IndexDefinition>
		<Index dataset='lp_adm_sgg' layerName='시군구' zIndex='1' type='6'
			visible='true' nodeName='yys' connector='geomex' crs='5176'>
			<Extent pkey='_gid' heightColumn='' angleColumn=''>
				<ExtentItem visible='false' name='_gid' alias='_gid'
					type='LONG' />
				<ExtentItem visible='false' name='sig_cd' alias='시군구코드'
					type='STRING' />
				<ExtentItem visible='false' name='_geometry' alias='geometry'
					type='GMX' />
			</Extent>
			<Style default='gws_index_style' searched='' selected=''
				themeColumn='sig_cd' theme='false' range='false'></Style>
		</Index>
	</IndexDefinition>
	<LayerDefinition>
		<LayerGroup>
		</LayerGroup>
	</LayerDefinition>
</MapConfiguration>