﻿<?xml version="1.0" encoding="UTF-8"?>
<workspace>
	<sync-sources>
        <!-- KRAS 웹서비스 URL -->		       
		<source type='kras' name='kras42830' epsg='5176'>
		    <url>http://106.9.100.21:8385/conn/estateGateway</url>
			<chk_pnu>4273025022100580001</chk_pnu>
		</source>

	    <!-- FTP 파일전송 자료 -->
		<source type='shp' name='kais42830' epsg='5176'>
			<path><![CDATA[SYNC_HOME/KAIS_WORK]]></path>
		</source>

		<!-- DB에서 가져오기 -->
        <source type='jdbc' name='jssdb' epsg='5176' enabled='true'>
		  <driver>org.postgresql.Driver</driver>
          <url><![CDATA[jdbc:postgresql://127.0.0.1:5432/jssdb_change]]></url>
          <usr>postgres</usr>
          <pwd>postgres</pwd>
		</source>	
		
		<source type='shp' name='shp5174' epsg='5174'>
			<path><![CDATA[WORKSPACE/dbtoshp/42830]]></path>
		</source>

		<source type='shp' name='shp5176' epsg='5176'>
			<path><![CDATA[WORKSPACE/shptoshp/42830]]></path>
		</source>

	</sync-sources>
</workspace>
