﻿<?xml version="1.0" encoding="UTF-8"?>
<workspace>
	<sync-targets>
		<target type='GMX' name='kras42830' epsg='5176'>
		    <path><![CDATA[WORKSPACE/kras/42830]]></path>
		</target>

	    <target type='GMX' name='kais42830' epsg='5176'>
			<path><![CDATA[WORKSPACE/kais/42830]]></path>
		</target>
		
		<target type='shp' name='shp5174' epsg='5174'>
			<path><![CDATA[WORKSPACE/dbtoshp/42830]]></path>
		</target>

		<target type='shp' name='shp5176' epsg='5176'>
			<path><![CDATA[WORKSPACE/shptoshp/42830]]></path>
		</target>

		<target type='jdbc' name='jssdb' epsg='5176' enabled='true'>
		  <driver>org.postgresql.Driver</driver>
          <url><![CDATA[jdbc:postgresql://127.0.0.1:5432/jssdb_backup]]></url>
          <usr>postgres</usr>
          <pwd>postgres</pwd>
		</target>	

	</sync-targets>
</workspace>
