<?xml version="1.0" encoding="UTF-8"?>
<JDBCPoolDefinition>
	<LoggerList>
		<Logger name='dbpool' level='debug' path='d:/logs' prefix='db' console='true' />
	</LoggerList>
    <JDBCPool>
        <NodeName>gmx</NodeName>
        <Driver>org.postgresql.Driver</Driver>
		<Url><![CDATA[jdbc:postgresql://127.0.0.1:5432/yysdb]]></Url>
        <!-- <Url><![CDATA[jdbc:postgresql://10.1.73.54:5432/gwgp]]></Url> -->
        <User>postgres</User>
        <Passwd>admin!23</Passwd>
        <Encoding>utf-8</Encoding>
        <CheckQuery><![CDATA[select 1]]></CheckQuery>
        <MinCapacity>2</MinCapacity>
        <MaxCapacity>3</MaxCapacity>
        <WaitTimeout>20</WaitTimeout> <!-- 초 -->
        <CheckTimeout>55</CheckTimeout><!-- 초 -->
        <LoggerName>dbpool</LoggerName>
    </JDBCPool>    
</JDBCPoolDefinition>