﻿<?xml version="1.0" encoding="UTF-8"?>
<workspace>
	<geomodel>
		<!-- BESSEL 보정안된 오래된 지리원 표준 -->
		<param code='2096'>
			<desc>bessel-동부원점</desc>
			<ellipsoid name='bessel' a='6377397.155' f='299.152813' />
			<base name='b129' xn='500000.0' ye='200000.0' lat='38.0' lon='129'	sf='1.0' />
		</param>
		<param code='2097'>
			<desc>bessel-중부원점</desc>
			<ellipsoid name='bessel' a='6377397.155' f='299.152813' />
			<base name='b127' xn='500000.0' ye='200000.0' lat='38.0' lon='127' sf='1.0' />
		</param>
		<param code='2098'>
			<desc>bessel-서부원점</desc>
			<ellipsoid name='bessel' a='6377397.155' f='299.152813' />
			<base name='b125' xn='500000.0' ye='200000.0' lat='38.0' lon='125' sf='1.0' />
		</param>

		<!-- BESSEL 보정된(10.405초) 오래된 지리원 표준 KLIS -->
		<param code='5173'>
			<desc>bessel-서부원점</desc>
			<ellipsoid name='bessel' a='6377397.155' f='299.152813' />
			<base name='B5173' xn='500000.0' ye='200000.0' lat='38.0' lon='125.0028902777778' sf='1.0' />
		</param>
		<param code='5174'>
			<desc>bessel-중부원점</desc>
			<ellipsoid name='bessel' a='6377397.155' f='299.152813' />
			<base name='B5174' xn='500000.0' ye='200000.0' lat='38.0' lon='127.0028902777778' sf='1.0' />
		</param>
		<param code='5175'>
			<desc>bessel-제주원점</desc>
			<ellipsoid name='bessel' a='6377397.155' f='299.152813' />
			<base name='B5175' xn='550000.0' ye='200000.0' lat='38.0' lon='127.0028902777778' sf='1.0' />
		</param>
		<param code='5176'>
			<desc>bessel-동부원점</desc>
			<ellipsoid name='bessel' a='6377397.155' f='299.152813' />
			<base name='B5176' xn='500000.0' ye='200000.0' lat='38.0' lon='129.0028902777778' sf='1.0' />
		</param>
		<param code='5177'>
			<desc>bessel-동해원점</desc>
			<ellipsoid name='bessel' a='6377397.155' f='299.152813' />
			<base name='B5177' xn='500000.0' ye='200000.0' lat='38.0' on='131.0028902777778' sf='1.0' />
		</param>

		<!-- BESSEL KATEC 계열 -->
		<param code='5178'>
			<desc>bessel-UTM-K</desc>
			<ellipsoid name='bessel' a='6377397.155' f='299.152813' />
			<base name='B5178' xn='2000000.0' ye='1000000.0' lat='38.0' lon='127.5' sf='0.9996' />
		</param>

		<!-- GRS80 KATEC 계열 -->
		<param code='5179'>
			<desc>wgs84-UTM-K</desc>
			<ellipsoid name='wgs84' a='6378137.0' f='298.257223563' />
			<base name='W5179' xn='2000000.0' ye='1000000.0' lat='38.0' lon='127.5' sf='0.9996' />
		</param>

		<!-- GRS80 예전(Y:500000) 표준 -->
		<param code='5180'>
			<desc>wgs84-서부원점</desc>
			<ellipsoid name='wgs84' a='6378137.0' f='298.257223563' />
			<base name='W5180' xn='500000.0' ye='200000.0' lat='38.0' lon='125' sf='1.0' />
		</param>
		<param code='5181'>
			<desc>wgs84-중부원점</desc>
			<ellipsoid name='wgs84' a='6378137.0' f='298.257223563' />
			<base name='W5181' xn='500000.0' ye='200000.0' lat='38.0' lon='127' sf='1.0' />
		</param>
		<param code='5182'>
			<desc>wgs84-제주원점</desc>
			<ellipsoid name='wgs84' a='6378137.0' f='298.257223563' />
			<base name='W5182' xn='550000.0' ye='200000.0' lat='38.0' lon='127' sf='1.0' />
		</param>
		<param code='5183'>
			<desc>wgs84-동부원점</desc>
			<ellipsoid name='wgs84' a='6378137.0' f='298.257223563' />
			<base name='W5183' xn='500000.0' ye='200000.0' lat='38.0' lon='129' sf='1.0' />
		</param>
		<param code='5184'>
			<desc>wgs84-동해원점</desc>
			<ellipsoid name='wgs84' a='6378137.0' f='298.257223563' />
			<base name='W5184' xn='500000.0' ye='200000.0' lat='38.0' lon='131' sf='1.0' />
		</param>

		<!-- 현재 (Y:600000) 표준 -->
		<param code='5185'>
			<desc>wgs84-서부원점</desc>
			<ellipsoid name='wgs84' a='6378137.0' f='298.257223563' />
			<base name='W5185' xn='600000.0' ye='200000.0' lat='38.0' lon='125' sf='1.0' />
		</param>
		<param code='5186'>
			<desc>wgs84-중부원점</desc>
			<ellipsoid name='wgs84' a='6378137.0' f='298.257223563' />
			<base name='W5186' xn='600000.0' ye='200000.0' lat='38.0' lon='127' sf='1.0' />
		</param>
		<param code='5187'>
			<desc>wgs84-동부원점</desc>
			<ellipsoid name='wgs84' a='6378137.0' f='298.257223563' />
			<base name='W5187' xn='600000.0' ye='200000.0' lat='38.0' lon='129' sf='1.0' />
		</param>
		<param code='5188'>
			<desc>wgs84-동해원점</desc>
			<ellipsoid name='wgs84' a='6378137.0' f='298.257223563' />
			<base name='W5188' xn='600000.0' ye='200000.0' lat='38.0' lon='131' sf='1.0' />
		</param>
	</geomodel>
</workspace>