﻿<?xml version="1.0" encoding="UTF-8"?>
<workspace>
	<sync-sources>
        <!-- KRAS 웹서비스 URL -->		       
		<source type='kras' name='kras42830' epsg='5176'>
		    <url>http://106.9.100.21:8385/conn/estateGateway</url>
			<chk_pnu>4273025022100580001</chk_pnu>
		</source>

	    <!-- FTP 파일전송 자료 -->
		<source type='shp' name='kais42830' epsg='5176'>
			<path><![CDATA[SYNC_HOME/KAIS_WORK]]></path>
		</source>

		<!--
        <source type='jdbc' name='test' epsg='5179' enabled='true'>
		  <driver>org.postgresql.Driver</driver>
          <url><![CDATA[jdbc:postgresql://10.1.73.100/gwcloud]]></url>
          <usr>postgres</usr>
          <pwd>postgres</pwd>
		</source>	
		-->
	</sync-sources>
</workspace>
